{"train_losses": [1.6250207291709051, 1.122676541407903, 0.9848414974080192, 0.9428443130519655, 0.9054616135027673, 0.9072842241989242, 0.8663628606332673, 0.8977362455593215, 0.8908116742968559, 0.8659663067923652, 0.8539386027389102, 0.8348537642094824, 0.825126439332962, 0.8888789167006811, 0.8344108627902137, 0.8755950546926923, 0.8202363120185004, 0.8268705209096273, 0.8198334011766646, 0.8650785254107581, 0.832737979789575, 0.8422398443023363, 0.8296156062020196, 0.8452529120776389, 0.844754122197628, 0.8378743910127215, 0.8244180488917563, 0.8164956453773711, 0.8087336255444421, 0.8631439159313837, 0.8254290554258559, 0.8306384409467379, 0.8126205338372124, 0.8214165444175402, 0.8037019761072265, 0.7994086593389511, 0.7940520346164703, 0.7853943026728101, 0.8455392643809319, 0.8059681008259455, 0.7971927614675628, 0.7952559747629695, 0.7983510394891103, 0.7853856359918913, 0.7954100800885094, 0.7772902424136797, 0.8175391314758195, 0.805999885002772, 0.7921204533841875, 0.7833833545446396], "test_losses": [1.8542821804682414, 1.9343651334444683, 1.8162978887557983, 1.8593806624412537, 1.9631951848665874, 1.8289662599563599, 2.102629542350769, 2.0446204344431558, 1.9966894189516704, 2.031785726547241, 1.9543971419334412, 1.9150903820991516, 1.944406787554423, 1.9250603914260864, 2.1766514976819358, 2.0082203348477683, 2.1250930627187095, 1.9999634226163228, 2.046909670035044, 2.005535840988159, 2.086115221182505, 2.0503331820170083, 2.012578248977661, 1.9126392006874084, 2.0770389238993325, 2.066570599873861, 2.078570246696472, 2.0810808539390564, 2.051400641600291, 2.0661348501841226, 2.1513572931289673, 2.1501457492510476, 2.134309411048889, 2.050539195537567, 2.0858786900838218, 2.104204793771108, 2.096820513407389, 2.094120899836222, 2.1141882141431174, 2.1807501117388406, 2.2262383699417114, 2.196957290172577, 2.2103079756100974, 2.18226287762324, 2.2356875936190286, 2.1809940338134766, 2.1831918160120645, 2.1910229921340942, 2.2306792934735618, 2.202658394972483], "train_accs": [0.6112034585740831, 0.6112034585740831, 0.6895223193698459, 0.6914450327555338, 0.6892437934875488, 0.7494232389662001, 0.6885166168212891, 0.6913038359747993, 0.7015117009480795, 0.6930575900607638, 0.7516392601860894, 0.7434476746453179, 0.7322600152757432, 0.7253116501702203, 0.6917618645562066, 0.7540894084506564, 0.6969680786132812, 0.7499850061204698, 0.7321626875135634, 0.719676653544108, 0.6915391816033257, 0.6924466556972928, 0.7358988126118978, 0.7444461186726888, 0.7096534834967719, 0.6956461800469292, 0.7205194897121854, 0.7336306042141385, 0.7546398374769423, 0.697176456451416, 0.7464779218037924, 0.7273297839694552, 0.735953172047933, 0.7461030748155382, 0.721519841088189, 0.7276268005371094, 0.7366117371453179, 0.7403776910569932, 0.6993062231275771, 0.7089042663574219, 0.7147693104214139, 0.719766722785102, 0.7305084864298502, 0.731851683722602, 0.7435419824388292, 0.7548990249633789, 0.7032205793592665, 0.7109979523552789, 0.7245993084377713, 0.7324895328945584], "test_accs": [0.2891337076822917, 0.2891337076822917, 0.4318265914916992, 0.29155445098876953, 0.2891337076822917, 0.5809122721354166, 0.2891337076822917, 0.2891337076822917, 0.3088528315226237, 0.28957080841064453, 0.5602992375691732, 0.5745875040690104, 0.532774289449056, 0.5993804931640625, 0.2891337076822917, 0.5764357248942057, 0.29098065694173175, 0.5567029317220052, 0.5250085194905599, 0.5924587249755859, 0.2891337076822917, 0.34367211659749347, 0.5802609125773112, 0.5817254384358724, 0.5920991897583008, 0.303802490234375, 0.5829394658406576, 0.5786107381184896, 0.5477282206217448, 0.6096162796020508, 0.5470485687255859, 0.5725199381510416, 0.5613142649332682, 0.564159075419108, 0.5938005447387695, 0.5836108525594076, 0.5736640294392904, 0.5247468948364258, 0.6105915705362955, 0.5978215535481771, 0.5861949920654297, 0.5854066212972006, 0.5836391448974609, 0.5778958002726237, 0.5709975560506185, 0.554591178894043, 0.6061134338378906, 0.5968176523844401, 0.581120491027832, 0.5724353790283203]}