{"train_losses": [1.8954649567604065, 1.8694746494293213, 1.852039635181427, 1.8403234481811523, 1.8312807083129883, 1.8230876922607422, 1.8140601515769958, 1.8046736121177673, 1.796221911907196, 1.7877956628799438, 1.7791471481323242, 1.7704901695251465, 1.7617580890655518, 1.7527511715888977, 1.7434293627738953], "test_losses": [1.8122445344924927, 1.8074877262115479, 1.8038907051086426, 1.8006285429000854, 1.7971549034118652, 1.7934242486953735, 1.7897059917449951, 1.7858054637908936, 1.7819031476974487, 1.7778489589691162, 1.7736594676971436, 1.769397258758545, 1.7650247812271118, 1.7604166269302368, 1.7555038928985596], "train_accs": [0.3238253593444824, 0.3863663673400879, 0.3921394348144531, 0.5240192413330078, 0.5111732482910156, 0.5023317337036133, 0.500859260559082, 0.5013408660888672, 0.500342845916748, 0.5006184577941895, 0.500856876373291, 0.5007586479187012, 0.5004911422729492, 0.49998903274536133, 0.49957275390625], "test_accs": [0.8498144149780273, 0.856419563293457, 0.8453559875488281, 0.06661605834960938, 0.031273841857910156, 0.01450347900390625, 0.007975578308105469, 0.004612922668457031, 0.0028104782104492188, 0.00296783447265625, 0.005082130432128906, 0.0064449310302734375, 0.0075283050537109375, 0.0062656402587890625, 0.0051860809326171875]}