{"train_losses": [1.4186351270902724, 1.3846089468115852, 1.3274548428399222, 1.2750646568479993, 1.2322466620377133, 1.197628955046336, 1.172974005199614, 1.1507186438356127, 1.12425748194967, 1.1209920707203094], "test_losses": [1.78899766149975, 1.7489734036581857, 1.6911995297386533, 1.6633406991050357, 1.6628830588999248, 1.7003955372742243, 1.6825703297342574, 1.5798244859491075, 1.6768496817066556, 1.592837678534644], "train_accs": [0.5752076843157917, 0.5746492982721653, 0.517631297208825, 0.5749330909884706, 0.5753362811341578, 0.574944444254142, 0.5672136812793965, 0.5749045975354253, 0.5726925077892485, 0.5752645544454354], "test_accs": [0.43485734576270696, 0.4254728044782366, 0.3112437157403855, 0.42843421300252277, 0.42941815512520926, 0.4243640445527576, 0.386149837857201, 0.41912601107642766, 0.4108344486781529, 0.41956756228492376]}