{"train_losses": [1.3215951720873516, 1.112685087181273, 1.0512489421027047, 1.020944351241702, 1.016747874873025, 1.0022636765525454, 0.9824580379894802, 0.9720357557137808, 0.9634641323770795, 0.9593048507259005, 0.947142862138294, 0.9380350439321428, 0.9316993526050023, 0.9434704269681659, 0.9213693326427823, 0.9189922525769189, 0.9192271757693518, 0.9070028180167788, 0.9073044246151334, 0.9003047488984608, 0.9128083657650721, 0.9041143684160142, 0.8971814328715915, 0.9017666890507653, 0.8918935599781218, 0.8899057067575908, 0.8835465666793642, 0.8761706210318065, 0.885832667350769, 0.8871443271636963, 0.8762899239857992, 0.8837803446111225, 0.889628278357642, 0.8771854440371195, 0.8894819347631364, 0.871655306645802, 0.8763936758041382, 0.8790184472288404, 0.8716498201801663, 0.8659764514082954, 0.8724969327449799, 0.8781196418262663, 0.8654081154437292, 0.8686482835383642, 0.8654693492821285, 0.874575552486238, 0.8561733294100988, 0.8586043303921109, 0.8593810512906029, 0.8620302492663974], "test_losses": [1.406331181526184, 1.3082186579704285, 1.3285660048325856, 1.3528965711593628, 1.3083503444989522, 1.3013294140497844, 1.32876917719841, 1.290093372265498, 1.266624500354131, 1.3366159399350483, 1.3159867525100708, 1.3443299730618794, 1.3329664766788483, 1.3037153283754985, 1.3438777923583984, 1.310124009847641, 1.318384200334549, 1.3087766369183857, 1.319332778453827, 1.290463149547577, 1.3039150933424632, 1.2848430673281352, 1.3419519861539204, 1.3267396291097004, 1.3262517253557842, 1.3129933377106984, 1.3737465739250183, 1.3301310539245605, 1.3360029955705006, 1.3447926044464111, 1.3556695977846782, 1.3227120240529378, 1.3516845603783925, 1.3522126078605652, 1.3016524116198223, 1.296830266714096, 1.3074132998784382, 1.3211448887983959, 1.318516582250595, 1.3032835026582081, 1.3418170114358265, 1.315402239561081, 1.31319726506869, 1.304764022429784, 1.3353859682877858, 1.3142081499099731, 1.346634566783905, 1.3503073553244274, 1.3526531259218852, 1.3254624009132385], "train_accs": [0.6596120198567709, 0.6888569877261207, 0.6887222471691313, 0.6868012746175131, 0.6886247453235445, 0.6881638481503441, 0.6912675130934942, 0.6876338777087984, 0.6921867643083844, 0.6903758276076544, 0.6915361767723447, 0.6948815754481724, 0.6909672419230143, 0.6924415770031157, 0.6949401128859747, 0.6921779995872861, 0.6955907004220145, 0.6931126458304269, 0.69455809820266, 0.6943325315202985, 0.6929712295532227, 0.6958667664300828, 0.6949892498198009, 0.6943154107956659, 0.695140520731608, 0.6987036750430152, 0.7005101158505395, 0.700439589364188, 0.6973153977167039, 0.6958050046648298, 0.699217750912621, 0.699162346976144, 0.697666259039016, 0.7012764612833658, 0.6979188010806129, 0.6975749333699545, 0.6985253379458473, 0.7022095180693126, 0.7013014838809059, 0.7054570061819894, 0.7027022043863932, 0.7077194849650065, 0.7020733242943173, 0.7044757661365327, 0.7036414827619281, 0.6993164789109003, 0.7078177134195963, 0.7009673345656622, 0.7041923432123094, 0.7011944907052177], "test_accs": [0.3894615173339844, 0.49802223841349286, 0.39478445053100586, 0.378626028696696, 0.4845450719197591, 0.44335508346557617, 0.38870588938395184, 0.3812103271484375, 0.49197832743326825, 0.4125107129414876, 0.3775011698404948, 0.37649106979370117, 0.38716665903727215, 0.4519033432006836, 0.3753379185994466, 0.3795646031697591, 0.37561845779418945, 0.3788391749064128, 0.38058042526245117, 0.4202996889750163, 0.3869476318359375, 0.3894227345784505, 0.3776795069376628, 0.37653493881225586, 0.3834649721781413, 0.37502479553222656, 0.3769044876098633, 0.3758714993794759, 0.37615187962849933, 0.378664493560791, 0.37545204162597656, 0.37630637486775714, 0.39664045969645184, 0.37706391016642254, 0.37785545984903973, 0.4739848772684733, 0.47963762283325195, 0.40899117787679035, 0.37638235092163086, 0.3749394416809082, 0.37459739049275714, 0.37250693639119464, 0.37619415918986004, 0.37514273325602215, 0.37607574462890625, 0.39534155527750653, 0.37355248133341473, 0.3734296162923177, 0.37551085154215497, 0.3989270528157552]}