{"train_losses": [1.4884949787096544, 1.2253044789487666, 1.1576545482332057, 1.1280930773778395, 1.1025590842420405, 1.09070977026766, 1.0701319764960895, 1.0616455078125, 1.0650802119211717, 1.0469905598597093, 1.03118788654154, 1.030912453478033, 1.0307351377877323, 1.0210223306309094, 1.0147050781683489, 1.0040643323551526, 1.0053907795385881, 0.9853642853823575, 0.9952855841680006, 0.9805996688929471, 0.9736394692551006, 0.9708444990895011, 0.9674835367636248, 0.9542536342685873, 0.9700114388357509, 0.966507001356645, 0.9616385468027808, 0.9534165317362006, 0.9581915736198425, 0.9566671658645977], "test_losses": [1.2218678832054137, 1.179575550556183, 1.2094359993934631, 1.2038358330726624, 1.1839985013008119, 1.1936650156974793, 1.2108393669128419, 1.2250149607658387, 1.1758655905723572, 1.1769817233085633, 1.187514102458954, 1.1899076461791993, 1.1824846029281617, 1.1999693393707276, 1.153097653388977, 1.1993724822998046, 1.1891820073127746, 1.1761863470077514, 1.1708552718162537, 1.1989933967590332, 1.222554337978363, 1.1962283492088317, 1.1803524374961853, 1.2074875593185426, 1.209333598613739, 1.180923843383789, 1.177226150035858, 1.2080551385879517, 1.1823750019073487, 1.2037912964820863], "train_accs": [0.5499443140896884, 0.6607165770097212, 0.6626254428516735, 0.6592409827492454, 0.6637974218888716, 0.6623760570179332, 0.6656349789012562, 0.6676226962696422, 0.6612500277432528, 0.6656161655079235, 0.6669774922457609, 0.6664187257940118, 0.6691771420565519, 0.6678107001564719, 0.6663924564014782, 0.6678005998784845, 0.6679333773526278, 0.6706906665455211, 0.6674001000144265, 0.6675630916248668, 0.6695894761518999, 0.6712521639737216, 0.6693185459483754, 0.6623928330161355, 0.6688878319480203, 0.6722643158652566, 0.6714055754921653, 0.6672579591924493, 0.6723100055347789, 0.6703636863014915], "test_accs": [0.4283731460571289, 0.5601482391357422, 0.5799837112426758, 0.42056980133056643, 0.5678436279296875, 0.5054500579833985, 0.41958084106445315, 0.4216585159301758, 0.4568475723266602, 0.4963327407836914, 0.48224849700927735, 0.43833389282226565, 0.42773971557617185, 0.41934833526611326, 0.45953941345214844, 0.421251106262207, 0.4233692169189453, 0.4183032989501953, 0.43502655029296877, 0.42891616821289064, 0.4213706970214844, 0.42127742767333987, 0.42635040283203124, 0.4231874465942383, 0.42307300567626954, 0.42532978057861326, 0.4267383575439453, 0.5458368301391602, 0.4216341018676758, 0.48114948272705077]}