{"train_losses": [1.4386081993579865, 1.3867320662453062, 1.3409065240905398, 1.2969059893063137, 1.2473296963033222, 1.2229385026863644, 1.2085480108147575, 1.1747028677236466, 1.1627572644324529, 1.1906268219153087], "test_losses": [1.5870742400487263, 1.605248999595642, 1.6285004317760468, 1.5836406429608663, 1.6314578115940095, 1.5274033745129902, 1.559758295615514, 1.5663812061150868, 1.5327423989772797, 1.5097267150878906], "train_accs": [0.5724242255801246, 0.5832003729684012, 0.5452079772949219, 0.5693219502766927, 0.5466811679658435, 0.5641656149001348, 0.5435652414957682, 0.5394965035574777, 0.5574206034342448, 0.5615402494158064], "test_accs": [0.5209998766581218, 0.5278921127319336, 0.407843017578125, 0.5174453735351563, 0.4235525131225586, 0.5084718386332194, 0.4106619834899902, 0.3932734489440918, 0.48373438517252604, 0.49296077092488605]}