{"train_losses": [3008.068898337228, 3143.6050062633694, 4299.559450966971, 2682.9612312316895, 3928.527529943557, 2282.757098061698, 3387.9724660600937, 3499.9169679369247, 3602.0843381427585, 3993.537061418806, 2513.187602270217, 3511.8397396632604, 2331.997592017764, 3543.1960585457937, 3039.8831309363954, 2721.397658756801, 3679.8761024475098, 3909.0563699631466, 3570.652268545968, 3596.616421835763, 2548.172605968657, 3146.858237493606, 3153.8998641967773, 3097.557880219959, 2902.1009955633253, 4350.243711199079, 2858.663832164946, 3858.300757271903, 3371.230933053153, 2283.9484499976747, 2094.218806675502, 3679.284144265311, 2884.4740228198825, 2989.1149219331287, 3173.6199371701196, 2817.3331286112466, 2526.580967676072, 3144.3663597106934, 4106.753469557989, 2601.1619255429223, 2648.242288861956, 2332.3494951157345, 2157.2622597104028, 2961.7177912394204, 2487.2184510003954, 2073.278654370989, 2276.229353041876, 3422.128606887091, 2365.0365415300644, 2099.5517211187453], "test_losses": [4055.030227661133, 6964.408182779948, 2676.5848108927407, 6175.315246582031, 3108.9511693318686, 1538.2145156860352, 4687.708134969075, 3974.0194524129233, 4774.119539896647, 3160.2843627929688, 1809.721908569336, 2693.0696156819663, 2245.8263371785483, 5172.5684814453125, 1914.977481842041, 3076.572036743164, 4672.496836344401, 3474.4518127441406, 3789.266286214193, 3236.5696283976235, 6188.1614990234375, 2513.9354832967124, 3215.1391843159995, 3180.4248485565186, 4402.8820877075195, 5333.3950602213545, 8814.636352539062, 2906.3248087565103, 2501.130495707194, 2817.093532562256, 2405.726188659668, 3210.545435587565, 2945.7433319091797, 5004.6655832926435, 3127.4515126546225, 2906.332285563151, 2760.0102564493814, 5223.164571126302, 2752.075627644857, 5194.206736246745, 3696.781463623047, 2640.430768330892, 3222.9012145996094, 5501.870045979817, 2422.90939839681, 3761.8006388346353, 3001.021235148112, 5074.249613444011, 4457.914479573567, 3331.2516479492188], "train_accs": [0.6146293367658343, 0.38212328865414574, 0.6614425522940499, 0.614097209203811, 0.7016922859918504, 0.6032619703383673, 0.5749736513410296, 0.651913256872268, 0.6601376079377674, 0.6374654315766835, 0.6983112153552827, 0.6959592047191802, 0.5597058704921177, 0.29939115615118117, 0.6369556926545643, 0.6122616132100424, 0.6822530201503209, 0.5616394224621001, 0.6442665599641346, 0.7142340796334403, 0.2534518696012951, 0.5750611850193569, 0.6993926593235561, 0.5801012629554385, 0.6627635047549293, 0.4506253287905738, 0.3126257033575149, 0.7011445817493257, 0.691012564159575, 0.6125093414669945, 0.6455554053896949, 0.6530965850466773, 0.6392282985505604, 0.6146739778064546, 0.7043351218813941, 0.6282950582958403, 0.7093831698099772, 0.6879127366202218, 0.5556985310145787, 0.6969310669671922, 0.5407189414614723, 0.645650137038458, 0.6774983860197521, 0.700835523151216, 0.659782886505127, 0.6534342992873419, 0.6573981784638905, 0.712498664855957, 0.3566127050490606, 0.5614534559704009], "test_accs": [0.37523770332336426, 0.1996760368347168, 0.5488109588623047, 0.5383891264597574, 0.5345804691314697, 0.48979385693868, 0.4241316318511963, 0.5084584554036459, 0.5747381846110026, 0.3761430581410726, 0.5552777449289957, 0.5781404972076416, 0.3954826196034749, 0.2695626417795817, 0.5061329205830892, 0.5076011021931967, 0.5901714166005453, 0.4433474540710449, 0.5826871395111084, 0.5305821100870768, 0.14182782173156738, 0.44208288192749023, 0.52397354443868, 0.41183169682820636, 0.5920167764027914, 0.2520301342010498, 0.22432637214660645, 0.3411877950032552, 0.5784220695495605, 0.5204351743062338, 0.38034574190775555, 0.3379468123118083, 0.576285203297933, 0.49732112884521484, 0.5693948268890381, 0.5183990796407064, 0.5488064289093018, 0.43564748764038086, 0.2982788880666097, 0.4753931363423665, 0.2553512255350749, 0.47351884841918945, 0.30295729637145996, 0.4672972361246745, 0.5680947303771973, 0.4760294755299886, 0.32411940892537433, 0.4914536476135254, 0.14205114046732584, 0.3273487091064453]}