{"train_losses": [698.970400171215, 629.4707864514825, 646.0887100323528, 680.6322173585697, 589.6098839506811, 701.4571984284589, 640.2065664310844, 664.0621182577951, 626.1230029930063, 640.0995048276421, 471.747520420827, 513.66611287383, 415.2688034602574, 566.2228469459378, 896.8262829942768, 720.2194223209303, 499.60962887848314, 921.3260647520727, 812.603021375176, 807.8964816502163, 683.9945064401951, 1130.8268427816379, 698.5184604489074, 673.1508302493971, 709.7828411180146, 1076.8556154601429, 632.351830047815, 1107.616016102486, 458.9211420396558, 663.2534575689407, 654.0012425403206, 927.7912278597047, 567.8535674607673, 968.451281631885, 631.9021784788897, 840.3337603588493, 675.1473116712506, 1191.3117331420483, 743.7707125475617, 577.7520845504034, 640.7369145633412, 906.975807767336, 708.4867850323112, 617.3523373247004, 670.341172354562, 657.8290219858391, 669.5123469424085, 726.8631985852508, 762.0398775217484, 705.8892795796297], "test_losses": [573.6188129243396, 447.39373561314176, 376.2182051340739, 436.3946398326329, 547.4982438087463, 967.252418245588, 537.6385592506045, 884.7239721389044, 643.3706826709565, 864.6169649759928, 544.8476737340292, 477.5458633786156, 463.7540050007048, 538.2652223677862, 551.0693046933129, 905.4442173185803, 704.0435385931106, 589.4008539290655, 691.3696137382871, 725.9771595909482, 788.2286005928403, 660.269083568028, 914.0095016842797, 966.3155001685733, 571.8703258151099, 883.515379406157, 1240.243322644915, 723.856774239313, 1220.706621805827, 975.0344507126581, 635.7498930976504, 1051.2952180589948, 910.2431540716262, 921.2501574925014, 1040.3367411295574, 634.8910564240955, 1035.4454703558058, 786.7907933734712, 1264.8941772097633, 750.1007570539202, 614.4001925332205, 761.3823088691348, 1115.9209347679503, 655.7156462896438, 1103.5891745431084, 620.7757806323823, 758.678358168829, 864.2937523978097, 953.7300052642822, 1317.0708478291829], "train_accs": [0.6995445952123526, 0.6634475746933295, 0.637533966375857, 0.5903276651084017, 0.6761028393596208, 0.6874799598641947, 0.5502715791974749, 0.5916446569014568, 0.6642607864068479, 0.694600552928691, 0.7074694211791162, 0.6933037310230489, 0.48539262239624853, 0.7064769576195957, 0.6923681570559131, 0.6584498476819928, 0.3648066423377212, 0.3524343594401872, 0.6765651962384075, 0.6973317918323335, 0.3548825387241078, 0.7060338818297094, 0.6966891191443618, 0.3120051857565536, 0.5487452072351158, 0.5417740750474994, 0.31672541949213767, 0.6746169044857934, 0.3127999727417823, 0.5652217994741842, 0.5086004750258257, 0.6894090159409711, 0.35584872109549387, 0.7087073423424546, 0.30341307322184247, 0.53275897227177, 0.35429048862587026, 0.698627368122542, 0.6641128111858757, 0.7031519039958513, 0.7036367079027656, 0.7013129733857655, 0.46267534762012713, 0.6585547518567975, 0.33073219636670587, 0.6605402369077514, 0.710389857389489, 0.6871230845548668, 0.6999440160738367, 0.33131019436583226], "test_accs": [0.4547045117332822, 0.5562537965320405, 0.4413299106416248, 0.3912810371035621, 0.5799996966407412, 0.5819883119492304, 0.41234213965279715, 0.24440710885184153, 0.4576819510686965, 0.5216681162516276, 0.5820932161240351, 0.4898025421869187, 0.4953790165129162, 0.563221568153018, 0.4414996419634138, 0.3456422033764067, 0.37589597702026367, 0.3766866411481585, 0.5082925614856538, 0.586996350969587, 0.33973907289050875, 0.5825752530779157, 0.46206415267217726, 0.29822256451561335, 0.4924233073279971, 0.37736810956682476, 0.25769942147391184, 0.46584626606532503, 0.27663982482183547, 0.2851202601478213, 0.38055871781848727, 0.3780425389607747, 0.2938103448776972, 0.4534227734520322, 0.22195913678123838, 0.5072568484715053, 0.33491947537376765, 0.5842054457891555, 0.3058289573306129, 0.574688888731457, 0.566399755932036, 0.5756214459737142, 0.2752909433274042, 0.5281674294244676, 0.2650838125319708, 0.553778194245838, 0.5841895739237467, 0.5683706828526088, 0.5859042122250512, 0.26163578033447266]}